source,target
https://ailab.fai.utb.cz/,https://ailab.fai.utb.cz/bibliography
https://ailab.fai.utb.cz/resources,https://ailab.fai.utb.cz/contact
https://ailab.fai.utb.cz/bison,https://ailab.fai.utb.cz/about-us
https://ailab.fai.utb.cz/publicity,https://ailab.fai.utb.cz/our-team
https://ailab.fai.utb.cz/resources,https://ailab.fai.utb.cz/thesis-topics
https://ailab.fai.utb.cz/de_dynamic_switch-py,https://ailab.fai.utb.cz/bibliography
https://ailab.fai.utb.cz/our-team,https://ailab.fai.utb.cz/wcci24specialsession
https://ailab.fai.utb.cz/first-competition-on-llm-designed-ea,https://ailab.fai.utb.cz/our-team
https://ailab.fai.utb.cz/first-competition-on-llm-designed-ea,https://ailab.fai.utb.cz/
https://ailab.fai.utb.cz/contact,https://ailab.fai.utb.cz/
https://ailab.fai.utb.cz/projects,https://ailab.fai.utb.cz/publicity
https://ailab.fai.utb.cz/wcci24specialsession,https://ailab.fai.utb.cz/projects
https://ailab.fai.utb.cz/projects,https://ailab.fai.utb.cz/first-competition-on-llm-designed-ea
https://ailab.fai.utb.cz/thesis-topics,https://ailab.fai.utb.cz/first-competition-on-llm-designed-ea
https://ailab.fai.utb.cz/competitions,https://ailab.fai.utb.cz/first-competition-on-llm-designed-ea
https://ailab.fai.utb.cz/projects,https://ailab.fai.utb.cz/our-team
https://ailab.fai.utb.cz/thesis-topics,https://ailab.fai.utb.cz/
https://ailab.fai.utb.cz/bison,https://ailab.fai.utb.cz/publicity
https://ailab.fai.utb.cz/wcci24specialsession,https://ailab.fai.utb.cz/thesis-topics
https://ailab.fai.utb.cz/resources,https://ailab.fai.utb.cz/about-us
https://ailab.fai.utb.cz/publicity,https://ailab.fai.utb.cz/bibliography
https://ailab.fai.utb.cz/about-us,https://ailab.fai.utb.cz/projects
https://ailab.fai.utb.cz/competitions,https://ailab.fai.utb.cz/
https://ailab.fai.utb.cz/first-competition-on-llm-designed-ea,https://ailab.fai.utb.cz/wcci24specialsession
https://ailab.fai.utb.cz/contact,https://ailab.fai.utb.cz/about-us
https://ailab.fai.utb.cz/contact,https://ailab.fai.utb.cz/projects
https://ailab.fai.utb.cz/,https://ailab.fai.utb.cz/first-competition-on-llm-designed-ea
https://ailab.fai.utb.cz/about-us,https://ailab.fai.utb.cz/contact
https://ailab.fai.utb.cz/de_dynamic_switch-py,https://ailab.fai.utb.cz/first-competition-on-llm-designed-ea
https://ailab.fai.utb.cz/our-team,https://ailab.fai.utb.cz/competitions
https://ailab.fai.utb.cz/about-us,https://ailab.fai.utb.cz/thesis-topics
https://ailab.fai.utb.cz/,https://ailab.fai.utb.cz/our-team
https://ailab.fai.utb.cz/thesis-topics,https://ailab.fai.utb.cz/wcci24specialsession
https://ailab.fai.utb.cz/de_dynamic_switch-py,https://ailab.fai.utb.cz/our-team
https://ailab.fai.utb.cz/contact,https://ailab.fai.utb.cz/resources
https://ailab.fai.utb.cz/wcci24specialsession,https://ailab.fai.utb.cz/about-us
https://ailab.fai.utb.cz/de_dynamic_switch-py,https://ailab.fai.utb.cz/
https://ailab.fai.utb.cz/our-team,https://ailab.fai.utb.cz/contact
https://ailab.fai.utb.cz/competitions,https://ailab.fai.utb.cz/wcci24specialsession
https://ailab.fai.utb.cz/our-team,https://ailab.fai.utb.cz/thesis-topics
https://ailab.fai.utb.cz/bibliography,https://ailab.fai.utb.cz/
https://ailab.fai.utb.cz/bison,https://ailab.fai.utb.cz/bibliography
https://ailab.fai.utb.cz/first-competition-on-llm-designed-ea,https://ailab.fai.utb.cz/projects
https://ailab.fai.utb.cz/publicity,https://ailab.fai.utb.cz/first-competition-on-llm-designed-ea
https://ailab.fai.utb.cz/contact,https://ailab.fai.utb.cz/competitions
https://ailab.fai.utb.cz/,https://ailab.fai.utb.cz/wcci24specialsession
https://ailab.fai.utb.cz/wcci24specialsession,https://ailab.fai.utb.cz/resources
https://ailab.fai.utb.cz/de_dynamic_switch-py,https://ailab.fai.utb.cz/wcci24specialsession
https://ailab.fai.utb.cz/publicity,https://ailab.fai.utb.cz/
https://ailab.fai.utb.cz/our-team,https://ailab.fai.utb.cz/about-us
https://ailab.fai.utb.cz/bibliography,https://ailab.fai.utb.cz/wcci24specialsession
https://ailab.fai.utb.cz/first-competition-on-llm-designed-ea,https://ailab.fai.utb.cz/thesis-topics
https://ailab.fai.utb.cz/contact,https://ailab.fai.utb.cz/thesis-topics
https://ailab.fai.utb.cz/thesis-topics,https://ailab.fai.utb.cz/projects
https://ailab.fai.utb.cz/about-us,https://ailab.fai.utb.cz/resources
https://ailab.fai.utb.cz/wcci24specialsession,https://ailab.fai.utb.cz/competitions
https://ailab.fai.utb.cz/resources,https://ailab.fai.utb.cz/bibliography
https://ailab.fai.utb.cz/competitions,https://ailab.fai.utb.cz/projects
https://ailab.fai.utb.cz/thesis-topics,https://ailab.fai.utb.cz/contact
https://ailab.fai.utb.cz/projects,https://ailab.fai.utb.cz/
https://ailab.fai.utb.cz/wcci24specialsession,https://ailab.fai.utb.cz/contact
https://ailab.fai.utb.cz/our-team,https://ailab.fai.utb.cz/resources
https://ailab.fai.utb.cz/competitions,https://ailab.fai.utb.cz/contact
https://ailab.fai.utb.cz/publicity,https://ailab.fai.utb.cz/wcci24specialsession
https://ailab.fai.utb.cz/bison,https://ailab.fai.utb.cz/first-competition-on-llm-designed-ea
https://ailab.fai.utb.cz/competitions,https://ailab.fai.utb.cz/thesis-topics
https://ailab.fai.utb.cz/our-team,https://ailab.fai.utb.cz/publicity
https://ailab.fai.utb.cz/,https://ailab.fai.utb.cz/projects
https://ailab.fai.utb.cz/about-us,https://ailab.fai.utb.cz/competitions
https://ailab.fai.utb.cz/first-competition-on-llm-designed-ea,https://ailab.fai.utb.cz/about-us
https://ailab.fai.utb.cz/bison,https://ailab.fai.utb.cz/our-team
https://ailab.fai.utb.cz/de_dynamic_switch-py,https://ailab.fai.utb.cz/projects
https://ailab.fai.utb.cz/bibliography,https://ailab.fai.utb.cz/projects
https://ailab.fai.utb.cz/,https://ailab.fai.utb.cz/thesis-topics
https://ailab.fai.utb.cz/projects,https://ailab.fai.utb.cz/wcci24specialsession
https://ailab.fai.utb.cz/thesis-topics,https://ailab.fai.utb.cz/about-us
https://ailab.fai.utb.cz/de_dynamic_switch-py,https://ailab.fai.utb.cz/thesis-topics
https://ailab.fai.utb.cz/first-competition-on-llm-designed-ea,https://ailab.fai.utb.cz/resources
https://ailab.fai.utb.cz/resources,https://ailab.fai.utb.cz/publicity
https://ailab.fai.utb.cz/bibliography,https://ailab.fai.utb.cz/contact
https://ailab.fai.utb.cz/resources,https://ailab.fai.utb.cz/first-competition-on-llm-designed-ea
https://ailab.fai.utb.cz/competitions,https://ailab.fai.utb.cz/about-us
https://ailab.fai.utb.cz/bibliography,https://ailab.fai.utb.cz/thesis-topics
https://ailab.fai.utb.cz/contact,https://ailab.fai.utb.cz/publicity
https://ailab.fai.utb.cz/bison,https://ailab.fai.utb.cz/wcci24specialsession
https://ailab.fai.utb.cz/resources,https://ailab.fai.utb.cz/our-team
https://ailab.fai.utb.cz/publicity,https://ailab.fai.utb.cz/projects
https://ailab.fai.utb.cz/thesis-topics,https://ailab.fai.utb.cz/resources
https://ailab.fai.utb.cz/our-team,https://ailab.fai.utb.cz/bibliography
https://ailab.fai.utb.cz/first-competition-on-llm-designed-ea,https://ailab.fai.utb.cz/competitions
https://ailab.fai.utb.cz/,https://ailab.fai.utb.cz/about-us
https://ailab.fai.utb.cz/competitions,https://ailab.fai.utb.cz/resources
https://ailab.fai.utb.cz/publicity,https://ailab.fai.utb.cz/contact
https://ailab.fai.utb.cz/de_dynamic_switch-py,https://ailab.fai.utb.cz/about-us
https://ailab.fai.utb.cz/wcci24specialsession,https://ailab.fai.utb.cz/publicity
https://ailab.fai.utb.cz/publicity,https://ailab.fai.utb.cz/thesis-topics
https://ailab.fai.utb.cz/first-competition-on-llm-designed-ea,https://ailab.fai.utb.cz/contact
https://ailab.fai.utb.cz/bibliography,https://ailab.fai.utb.cz/about-us
https://ailab.fai.utb.cz/projects,https://ailab.fai.utb.cz/competitions
https://ailab.fai.utb.cz/thesis-topics,https://ailab.fai.utb.cz/competitions
https://ailab.fai.utb.cz/,https://ailab.fai.utb.cz/resources
https://ailab.fai.utb.cz/about-us,https://ailab.fai.utb.cz/publicity
https://ailab.fai.utb.cz/projects,https://ailab.fai.utb.cz/contact
https://ailab.fai.utb.cz/contact,https://ailab.fai.utb.cz/bibliography
https://ailab.fai.utb.cz/de_dynamic_switch-py,https://ailab.fai.utb.cz/resources
https://ailab.fai.utb.cz/bison,https://ailab.fai.utb.cz/projects
https://ailab.fai.utb.cz/projects,https://ailab.fai.utb.cz/thesis-topics
https://ailab.fai.utb.cz/bibliography,https://ailab.fai.utb.cz/resources
https://ailab.fai.utb.cz/publicity,https://ailab.fai.utb.cz/about-us
https://ailab.fai.utb.cz/about-us,https://ailab.fai.utb.cz/our-team
https://ailab.fai.utb.cz/,https://ailab.fai.utb.cz/competitions
https://ailab.fai.utb.cz/our-team,https://ailab.fai.utb.cz/first-competition-on-llm-designed-ea
https://ailab.fai.utb.cz/de_dynamic_switch-py,https://ailab.fai.utb.cz/competitions
https://ailab.fai.utb.cz/bison,https://ailab.fai.utb.cz/
https://ailab.fai.utb.cz/wcci24specialsession,https://ailab.fai.utb.cz/bibliography
https://ailab.fai.utb.cz/,https://ailab.fai.utb.cz/contact
https://ailab.fai.utb.cz/bibliography,https://ailab.fai.utb.cz/competitions
https://ailab.fai.utb.cz/publicity,https://ailab.fai.utb.cz/resources
https://ailab.fai.utb.cz/projects,https://ailab.fai.utb.cz/about-us
https://ailab.fai.utb.cz/de_dynamic_switch-py,https://ailab.fai.utb.cz/contact
https://ailab.fai.utb.cz/our-team,https://ailab.fai.utb.cz/bison
https://ailab.fai.utb.cz/about-us,https://ailab.fai.utb.cz/bibliography
https://ailab.fai.utb.cz/first-competition-on-llm-designed-ea,https://ailab.fai.utb.cz/publicity
https://ailab.fai.utb.cz/contact,https://ailab.fai.utb.cz/first-competition-on-llm-designed-ea
https://ailab.fai.utb.cz/publicity,https://ailab.fai.utb.cz/competitions
https://ailab.fai.utb.cz/resources,https://ailab.fai.utb.cz/
https://ailab.fai.utb.cz/projects,https://ailab.fai.utb.cz/resources
https://ailab.fai.utb.cz/contact,https://ailab.fai.utb.cz/our-team
https://ailab.fai.utb.cz/thesis-topics,https://ailab.fai.utb.cz/publicity
https://ailab.fai.utb.cz/competitions,https://ailab.fai.utb.cz/publicity
https://ailab.fai.utb.cz/wcci24specialsession,https://ailab.fai.utb.cz/first-competition-on-llm-designed-ea
https://ailab.fai.utb.cz/bison,https://ailab.fai.utb.cz/resources
https://ailab.fai.utb.cz/thesis-topics,https://ailab.fai.utb.cz/our-team
https://ailab.fai.utb.cz/wcci24specialsession,https://ailab.fai.utb.cz/our-team
https://ailab.fai.utb.cz/resources,https://ailab.fai.utb.cz/wcci24specialsession
https://ailab.fai.utb.cz/competitions,https://ailab.fai.utb.cz/our-team
https://ailab.fai.utb.cz/wcci24specialsession,https://ailab.fai.utb.cz/
https://ailab.fai.utb.cz/contact,https://ailab.fai.utb.cz/wcci24specialsession
https://ailab.fai.utb.cz/first-competition-on-llm-designed-ea,https://ailab.fai.utb.cz/bibliography
https://ailab.fai.utb.cz/,https://ailab.fai.utb.cz/publicity
https://ailab.fai.utb.cz/about-us,https://ailab.fai.utb.cz/first-competition-on-llm-designed-ea
https://ailab.fai.utb.cz/bison,https://ailab.fai.utb.cz/competitions
https://ailab.fai.utb.cz/de_dynamic_switch-py,https://ailab.fai.utb.cz/publicity
https://ailab.fai.utb.cz/our-team,https://ailab.fai.utb.cz/projects
https://ailab.fai.utb.cz/bibliography,https://ailab.fai.utb.cz/publicity
https://ailab.fai.utb.cz/about-us,https://ailab.fai.utb.cz/
https://ailab.fai.utb.cz/bison,https://ailab.fai.utb.cz/contact
https://ailab.fai.utb.cz/bibliography,https://ailab.fai.utb.cz/first-competition-on-llm-designed-ea
https://ailab.fai.utb.cz/projects,https://ailab.fai.utb.cz/bibliography
https://ailab.fai.utb.cz/thesis-topics,https://ailab.fai.utb.cz/bibliography
https://ailab.fai.utb.cz/bison,https://ailab.fai.utb.cz/thesis-topics
https://ailab.fai.utb.cz/competitions,https://ailab.fai.utb.cz/bibliography
https://ailab.fai.utb.cz/bibliography,https://ailab.fai.utb.cz/our-team
https://ailab.fai.utb.cz/our-team,https://ailab.fai.utb.cz/
https://ailab.fai.utb.cz/resources,https://ailab.fai.utb.cz/projects
https://ailab.fai.utb.cz/resources,https://ailab.fai.utb.cz/competitions
https://ailab.fai.utb.cz/resources,https://ailab.fai.utb.cz/de_dynamic_switch-py
https://ailab.fai.utb.cz/about-us,https://ailab.fai.utb.cz/wcci24specialsession
